Gene,TNK,B,MonoMacro,Mast,Endothelial,Malignant,Stroma,DC,Epithelial
CXCR4,70.7930411424036,66.6355343808489,6.16595028027365,1.77299963947722,1.63818797348742,0.239495736816483,0.718333019681863,20.7447389880403,1.19334847349956
BTG1,66.0738029716513,67.8100156009451,11.6666983454635,21.8750584359299,10.7081156385138,3.14471377767379,5.36613880881491,16.7559986407302,4.3419188327005
FTH1,51.5049825184825,47.354369936556,343.848555326061,214.233655503752,36.2043890176606,121.052655927267,86.5399515992092,134.108323024867,103.403457059597
ACTB,47.0354664868694,30.7948118506409,77.6288425329406,26.42933909616,37.0978683803339,35.7157694363667,62.0438519368568,97.257644550696,30.6998471787281
HSP90AB1,39.8814478604171,61.6556725887982,13.8925298646439,34.9074498858658,14.9439455918668,13.4213941368448,14.5958833473089,22.1923536784231,11.0078831454695
CCL5,35.1799648093922,0.616794684428437,0.360115812723885,0.282766772870536,0.313560129817877,0.0339197269200776,0.221496197438553,0.418314637776455,0.313457622384784
SRGN,33.3961383521877,9.0438445391739,27.3745625730953,70.2517727348767,10.9287001468484,0.429122817302247,0.832649551006463,31.3366333842645,0.764373188670494
CCL4,33.2578886727978,1.10750220990996,7.6547262686939,6.25529237256171,0.390535885731177,0.160950301997202,0.346417502907579,4.14373672345242,0.832060073130934
FTL,31.140390515892,40.1218814834753,495.506628623318,94.6914890808844,31.2853220888012,93.1042202074087,58.193381803954,102.246982427114,96.0027322260341
NKG7,30.457508073198,0.263371040204712,0.43119479744683,0.444016169860947,0.100096124570767,0.0380383707528233,0.123930017479032,0.619336417487569,0.212268902515708
ZFP36L2,29.5597864547324,13.4345508030143,3.16324899497752,8.12471090824245,4.57027708752105,1.98826621335771,5.21884892007225,6.33813930008035,1.781629033378
IL32,21.1817527605635,0.352114467614874,0.274250844745033,0.236342911565439,3.53512335513169,3.33682913902311,3.9198771336127,0.498763893344525,2.62930031486201
RGS1,20.548819728242,12.9098591351468,4.98062918444287,44.7554013139923,0.794463266198354,0.192735171589138,0.409180567727198,19.1054516172085,0.553902469954603
S100A4,20.3002120147602,2.4075927970994,52.096854027285,29.4325493770378,2.0100756559764,9.53529479251648,18.7531391073804,24.0942696396116,2.38795227037271
JUN,19.8974041189318,19.6289345187243,7.72912910015172,35.2035673887614,17.5412738579094,7.17467564627894,20.5302614936942,6.78433025532868,17.5620665778384
EEF1B2,17.8844537776893,34.6059251906075,9.61790196347911,15.1230221081968,11.2429666412012,9.88763244909837,7.65089791587133,17.8596084604035,9.59872586842368
GNLY,17.6054325606176,0.121603771582398,0.223045314451143,0.0640887782902943,0.0738604443499205,0.342710840411093,0.0977948784843712,0.27534472196199,1.75511056600583
ZFP36,17.3372539144688,13.369495875822,7.42920200995059,25.7216333869821,26.8433806973518,5.46136198723019,13.9164004913291,14.5003797309539,7.27979596319806
IL7R,17.1902089066556,0.238181419238132,1.35348647106155,0.0891110572978947,0.180158141060355,0.0535082801961386,1.35163053582271,2.0825156965853,0.218574974227559
ANXA1,16.6710418439151,0.37224234102585,14.1184074880481,45.3078183433762,10.7320651524982,5.64031026931902,6.25959969089776,8.97064420879008,3.9554024391817
DUSP2,15.6676976495783,9.65854748787159,3.01504493709848,3.32303331211423,0.447721866457424,0.177475298320888,0.485179679590742,5.98181449585608,0.330248761930221
ID2,14.7286132177091,0.941083841477254,4.25797032726855,25.4574536869967,3.67382657540684,1.33889489224627,4.49968214664686,9.65391414814892,1.58225709783601
CD69,14.4275586312344,25.1447395168218,0.428594021007561,34.5692841918674,0.216065252753107,0.0643737855330475,0.173195436163902,1.51624661642495,0.243534094528627
CD74,13.3392163262135,102.067447053571,107.081520409445,5.41201694653466,32.8181821405433,41.7237645029042,5.05787732290048,226.422338054622,57.9917680102352
S100A6,12.5186970842345,3.57899642759154,64.2220102432481,35.3763428408791,30.9345954502254,169.370146899837,49.3296400562143,29.4875783587316,72.4677875917505
TRAC,11.8516405451268,0.564844588011915,0.074100159767268,0.134537649975006,0.120775826894329,0.0196801191304452,0.424436070525197,0.133140432675238,0.182894420256495
SAT1,11.1636115545703,19.5698118819626,48.5977732448143,21.0223569453161,32.2806722659043,14.0138089077987,9.91042049617488,40.0103168056899,17.3853409244259
KLRB1,11.020653459555,0.104933593930215,0.068524000715786,0.0667833761180357,0.0465149011563629,0.0155824482282603,0.0474671584061166,0.0663883433387851,0.147994238527211
BIRC3,10.2677053937017,14.8718356946236,1.57626094310744,12.9848593814944,1.85563410726983,1.6602268578168,0.660072965515156,5.17959519357779,1.95293436094245
CD3D,10.2047887788197,0.182284313704405,0.159881040516385,0.0800021349321642,0.130038101220551,0.0713917468018928,0.0974425284085836,0.155450967389667,0.2787303113243
GZMB,10.0207775821328,0.169757511030364,0.101589041069977,0.174579343833967,0.0285366139024676,0.0745818498801954,0.0576713244804255,9.30588290583184,0.0380995809710748
CD2,9.56022819810219,0.151410020618835,0.0960431347334051,0.0917274009345197,0.0410008930843269,0.031960552815657,0.0342372109429434,0.38046788446763,0.184841375943453
GZMA,9.13978702128351,0.0847946960693236,0.0751305060423217,0.0301920780251241,0.0925590876632655,0.0181313018197544,0.0549523768286283,0.116834336516515,0.12877318340434
RGS2,9.10399041994239,9.2485261949832,6.3341241620904,35.2202845627292,1.14131635960725,1.09910807033819,2.96156431793938,14.8498986345009,0.907909081028575
CST7,8.92001283194578,0.118296837505685,0.218563331647504,2.12119623600834,0.0564982648727036,0.0303779805564465,0.501350728378542,3.31047084844061,0.126975452950004
TRBC1,8.79058489210339,0.192592225616399,0.05794814061334,0.0770261628393507,0.0278308871259212,0.0347165018562777,0.0377190015290913,0.147630087703893,0.127233534371364
CD7,8.08491190574668,0.120389648802069,0.0866570650822057,0.324421316822026,0.0403706803261522,0.054125972254617,0.0670176881029787,0.213576118563722,0.080521372022647
TRBC2,7.68263198419525,1.06586440589236,0.0735067583227668,0.0696950360272583,0.132906293863917,0.0472295748314921,0.0698988604929109,0.106306155293476,0.0890364339203546
GZMH,7.55522008560708,0.0500612993017671,0.0809086793721597,0.0823213374518869,0.0259401470643584,0.00478698050836599,0.0158889228945372,0.0811146529310079,0.0537489401211717
FOS,7.30293092127658,5.31998404132681,9.7395383495909,29.5431706005764,27.2451289294847,8.87437716187656,23.8822650453743,11.1148851211934,13.8983692219054
TUBA4A,6.96113795333222,3.85408493288627,0.355978757802575,0.253765863140062,0.512882283709138,0.737422653785862,0.113433355359276,0.480098668074319,0.511033508394112
SAMSN1,6.81386198312723,4.37919044179868,3.80231245612206,12.781027101205,0.0893061595463583,0.0181463101624173,0.0743581953599839,3.28021527010936,0.122085188481368
AREG,6.72666523381598,3.49372784510214,7.98016568841675,31.1793208932373,0.525903616295046,7.21510589428006,0.596688088258543,29.2202622637038,4.67361641446425
PRF1,6.69712333608902,0.0182324353749818,0.0574926690533542,0.0438781520673117,0.0,0.0112075415130737,0.0400835026420397,0.0525185475849256,0.00234861695818875
SELK,6.60494525998521,7.65804211005661,4.08623815776843,14.9275590600437,2.2425780579674,2.46918319863089,2.43282162246902,5.47845317379375,2.12134491889417
REL,6.50702441528063,18.0650848599605,3.05310249459024,8.51210322752784,1.4404170508508,1.19974144632746,0.50162604214974,9.22694800844233,1.10644191387606
ISG20,6.4448174169688,7.98622376695827,0.663167687994387,0.13827972337408,0.55161987479122,1.92374955598248,0.20336345552061,1.1836295026957,0.837579483293666
CD3E,6.17517824628707,0.0737591776520545,0.0461502342122938,0.0178173434509417,0.0,0.0111904656636349,0.0566578341145721,0.0717285745240844,0.0678998986688341
DUSP4,6.08690687856348,1.78394720891028,0.273217620025902,0.715251017241398,0.465839012996869,0.668684499468531,0.142571142213959,2.78183979649667,0.219657996678576
KLRD1,5.98471973948853,0.0589204873384601,0.055979931902227,0.0340905587040442,0.0774824243520598,0.0103108306968618,0.0163538049325402,0.0653758793607685,0.0150705802822006
HERPUD1,5.94918336070708,17.4305936723556,3.01351659448875,2.52016102724449,3.24836278069026,2.16553684435975,2.52202767929196,8.28691971287375,2.48550259285415
CD37,5.88125595356698,20.4268192341082,4.82030316507994,9.16337583423232,0.119854922090296,0.029278465232055,0.0709289730388862,3.87846459580493,0.11148432992882
PPDPF,5.82945762905658,4.00247421444755,4.45228128707757,5.05363755227224,3.780033119497,25.0947075446305,5.04081611503805,3.2002241422616,15.3652115165321
S100A11,5.69026963690732,1.27639456664371,48.2588632520203,11.6377286486496,9.4080313015099,21.5060573795713,14.3884948147017,25.9909461307064,21.9567113433155
GZMK,5.58996300152049,0.108730760843245,0.0318694167325964,0.0243937064012722,0.0147011693310086,0.0203308475130353,0.071166661895805,0.104234250653595,0.0775873464155715
LGALS1,5.56063656968184,5.3011053883598,27.6666990554985,10.3614763628484,10.4290680445433,13.1013801423654,81.3276618918418,24.9902289526212,4.6167955343649
CTSW,5.53884304348094,0.0663636222038839,0.261382184865714,1.37387234546296,0.0,0.0566637356094987,0.052148901382839,0.261660498095466,0.0341012326695264
RAC2,5.39418279723718,3.90204889420243,2.10527465896526,9.26490563948777,0.0994222000581269,0.451708690988306,0.11721050138822,1.61061190611595,0.236788970919365
PPP1R15A,5.38502278417691,8.4479939852283,4.226194982152,14.3440631730229,5.79723508511219,2.17085437351355,5.51589435346371,5.87368747060703,2.11074065202516
HLA-DRA,5.30793543431284,89.208828464585,108.566885656952,3.71441711093723,12.6737225764555,13.257315070362,3.32612825942776,205.15680623492,24.7868579313452
LMNA,5.15508415317109,4.16663366601827,6.15521991255505,34.814009318936,11.9443668358898,6.99655157375655,8.07942064241808,7.87264489485714,4.88223004686976
HLA-DPB1,5.14031564847757,24.9207485436378,30.0179679698538,1.66913347681848,4.93967459978871,5.39614720040316,0.950463361180327,94.6051211950264,8.94677237600961
CXCL13,5.00718616778634,0.210772966201216,0.0296940988322075,0.0476405982123692,0.228800090747014,0.155805046586072,0.0857136047486348,0.039274018240076,0.0467639127864256
COTL1,4.97829796047806,4.45827527728098,11.8672949945751,1.83787746289483,3.11770905620706,1.03503601121355,0.90767854504865,13.9506389695647,0.359551340574742
SSR4,4.92910164719148,6.89463823632236,4.11038199589567,6.19845887094038,5.36311004941517,12.8987272977192,5.56970466049821,5.13269653594055,10.3670348612963
EZR,4.886436957552,12.9935611349999,1.64574163778212,1.24037707262364,0.607447762007907,4.09751997028844,0.745478854443653,3.50668211699538,4.34359516002766
ALOX5AP,4.63931390568981,1.58431573564923,15.6743618486837,17.6286151549544,0.325198778142808,0.101252124155913,0.27834481402536,15.3486946863748,0.270956627837286
HLA-DPA1,4.54424010735957,23.0263197614344,35.5198272104665,1.36069481655452,6.2273469625846,7.06821271909762,0.919013923370218,91.711034708592,10.2376736934115
ACAP1,4.37400920591754,2.88597528361061,0.153421570940198,0.669862113165089,0.0582070418179059,0.0318832722194871,0.0685108062540876,0.836871023615051,0.057143071880482
LSP1,4.3667705571395,2.95083984928631,2.43164250825035,0.0433049901507604,0.102739321688316,0.1068178516759,0.25105544430316,6.36225106382752,0.104123379246885
FGFBP2,4.29263267185849,0.00764984088070215,0.0409618561977058,0.0,0.0,0.00376149277097512,0.0476866721800593,0.0157980491041246,0.00234861695818875
PIK3IP1,4.14022141784831,1.56209930214458,0.208909543603546,0.937276250626963,0.200253010640581,0.161667929341937,0.336982106196311,0.219920815816738,0.1724194626218
CD8A,4.06508365735044,0.0476013215881671,0.0389003706801327,0.0,0.0,0.0107920695095565,0.0178618244943611,0.0545783792691821,0.0147027156964851
HLA-DRB1,4.01903717146219,24.357720650319,36.6749056221615,1.90757436025038,10.4500891131704,15.3247464146315,1.14538636677482,69.4501271246493,10.7809986735088
CLEC2D,3.98816207290489,1.51639213220165,0.0976192162708387,0.121940782218812,0.103958749781989,0.102967192237455,0.168127752951382,0.188907852600315,0.174190630522157
FOSB,3.98615211486844,5.69777661392253,3.86493882936616,19.4333257891,6.54861428112924,3.25173706237251,5.61968681065762,6.20390569089254,4.81337338641177
CD247,3.97078366189296,0.0418250613013046,0.0277339494881535,0.0513935048102324,0.0122495878013705,0.00144584296559728,0.0586237059712698,0.0423007925577985,0.0334083029363718
FYN,3.88199240189078,0.296068790207432,0.259715800641381,0.497539803715916,1.19626959250225,0.0418791286315631,0.299436434021068,0.302577357070553,0.160523093825254
IFNG,3.86108441800481,0.0660202759905323,0.0295270292054925,0.0747670522854753,0.0328815005870361,0.0240352425215556,0.0230370201693658,0.0367946012512072,0.0176408543242113
IGKC,3.68662555356258,464.671119930156,2.32371095158707,4.99778442899984,5.37674726027829,2.23267812628842,6.90978166231456,4.33604059453806,6.40941646103296
TYROBP,3.60173818054663,0.494261915909325,46.4598335354563,13.1619645064017,0.38150013055465,0.13770622957376,0.44242269044257,29.7302890216486,0.699718146220586
CD3G,3.52263409504791,0.0286197993465055,0.0289520862934848,0.0136260089817373,0.0292500292500293,0.00674949009186682,0.0199582055006375,0.0507558609653592,0.011809035590831
PMAIP1,3.45084891836532,8.33900034265994,0.612811495109228,0.818329831785856,0.90551046108474,1.20301745620973,0.476518832921905,1.81039758584929,0.853735301377722
MYADM,3.44485165121975,1.42471221615679,1.8748695818887,6.80053385618833,1.7820276765346,0.690909713554133,2.38606976378617,2.5546868409684,0.387850503497352
SPOCK2,3.44451352579391,0.780621780386611,0.0227145659321904,0.0163198368976651,0.23160647317385,0.161051055361246,0.0697486640255719,0.0488745668408999,0.064630638348349
SYTL3,3.4098552732827,0.364274775620666,0.147135063060969,2.54231106559443,0.0144236039393747,0.137098028038018,0.00960624105219176,0.595327796656182,0.121478970985472
GPR183,3.36046859856897,6.78284242049088,2.59215955519421,1.86371023972975,0.0520813607892606,0.040227126413993,0.0876755077711822,20.3682344917658,0.204051670580816
ITM2A,3.32311372694003,0.283333418038901,0.0161242106504428,2.31639809065263,5.47484332210816,0.00795396583447483,0.153732315363139,0.0348389728138132,0.0707259710913222
ZFP36L1,3.30817155080063,5.06015798872355,3.00305520080288,1.97540979450688,5.78448025955638,3.69269744006246,6.72985341088506,3.83959772737377,10.8140150535498
SERPINH1,3.27094629079065,1.18604107646594,0.961783857810467,1.32875033153921,4.59781337354418,2.01810509106272,9.56982953957129,1.28805988952542,2.90601847769751
CNOT6L,3.26435904097336,0.75246679322447,0.253874188029496,0.372067527615059,0.609255255127099,0.215238208013984,0.190381636645206,0.470047994802396,0.302487238866715
GIMAP7,3.26032155964626,0.0326954693581077,0.326106741816636,0.137135417409567,2.94119626598388,0.00724233687766958,0.00784503455330187,0.270023899360183,0.00749847218629204
HOPX,3.15892155823836,1.29747813473347,0.127761253612042,0.0749109473208701,0.735157956317241,15.2870268285365,1.80318403336546,0.1492598861961,23.7375055993968
FKBP4,3.04681987728377,6.72283208012157,1.12956109123824,2.17252566166099,0.454993643542352,0.670080650761195,0.694045013473975,1.56496851319788,0.584703968232758
RORA,3.04416999325235,0.45077141287797,0.066972677467131,0.0,0.992928898429679,0.121760731603677,0.580525104290331,0.0251502296153202,0.285696690282431
BATF,3.01537760544942,0.317192539424922,0.193417234433978,2.81551324392106,0.043304478116082,0.255034263527607,0.0647434305096009,0.200291635595655,0.278883923319912
LCK,3.00858926397579,0.381615017795416,0.0200787571912126,0.00736350997902872,0.0680304504296123,0.00870909097140197,0.0403920516569384,0.0413701576734334,0.0684621946094372
CTSC,2.98235567079042,0.846207767931955,11.16185134829,1.49428449794279,0.825425097912261,1.20697082439397,1.75450451650456,5.00278472437765,1.62770631740015
XBP1,2.94365954354278,2.81383016059645,2.23819817586432,2.77297730930141,1.32967344901557,2.85426313099892,2.02884269378286,2.50475849674891,3.98262646310002
CTSD,2.93654141858305,0.744508595131581,22.5615904190196,11.4879382276084,2.70106102738693,9.47563724372489,3.27849963913496,3.15997400977825,7.76308686270688
IFITM3,2.92426101394014,0.6753907226823,6.14965355875322,2.83570290500544,49.166380920367,13.9227501659864,33.8186097779587,5.96879372515278,14.5841484192212
FABP5,2.86369268010642,1.81706788779895,9.89050268111684,0.565587306792018,5.00610686595796,0.369780174883356,1.22315655545303,3.63342919768646,2.31761644487244
CCR7,2.65264011182958,21.2923395685534,0.0728567359167291,0.0539361869907177,0.0144236039393747,0.00978478882910652,0.0488734756499832,2.82640519106751,0.048501042519404
CSTB,2.65238383020534,1.74387959775464,23.3888264457046,4.82867985470257,4.58391342235899,12.0377455189466,3.07203593504484,7.81204186092778,13.7871340670676
BCAS2,2.64332209528362,6.12687653214304,0.944194472385115,2.28211073353053,0.511505030466796,0.44265539880635,0.603279342711037,1.71829637954931,0.625323462439134
TSPO,2.59125320147065,1.04554427041972,15.5888010504285,4.28802458440661,3.90046548330101,5.48389120997767,3.42015683734696,5.49299246117559,3.14903662807494
ETS1,2.53832641259403,0.444123316519205,0.0296445235294331,0.0174130259813968,2.43617913441721,0.06743622674364,0.323473149050234,0.0970612448494378,0.0435650348367415
GSTP1,2.52794768185801,2.09578320448568,8.25509839405946,2.66714850290589,5.9669257565643,18.3622540096666,7.60865398855376,7.9155865780018,19.8541208829055
GPR171,2.51904745116181,0.0219589734328731,0.0118184156656812,0.0392508748970033,0.0,0.0274242031904235,0.0136291773428556,0.217286607687066,0.0270687393701005
RGS10,2.45540913801004,1.23679703323293,3.00072482907164,6.20641384173201,0.0733738055429757,0.95977050752496,0.811249625845368,7.038978937982,0.331188175463407
GZMM,2.42001920000811,0.0212255065938147,0.0180035681422805,0.0,0.0818531345158092,0.0143351245984786,0.0237449776696766,0.0197286976458066,0.0400030883328006
ANXA2,2.41287312446402,1.39162218369966,16.5850240090061,0.782121632650933,12.2347142522488,13.2062565655504,11.6842110476021,9.70308309903283,7.96546678521614
ANKRD37,2.35520825331883,5.98290586361955,0.579518822825668,2.03291642807523,0.532574432622926,0.685309338313986,0.759441504427496,1.32997485885046,0.881727087103577
CD8B,2.34240355600719,0.0449236568843409,0.00848779268292801,0.0397040679816684,0.0155812993245507,0.0062547039360964,0.0191828297432382,0.0209337501494288,0.0894586061986738
CD96,2.30199841830502,0.22353837300985,0.0243473956282088,0.0367656646054519,0.0360369067698727,0.0167061185168329,0.0321837888637959,0.0271107896964817,0.097765773199708
TRAT1,2.19217691780143,0.0357648724387554,0.0143227404841443,0.0196408088870732,0.0276849562716116,0.00542202116863105,0.0202554589744357,0.00518747858740595,0.0288988094051625
GPR65,2.19117104806675,1.07385294940897,0.468072504181187,5.2313363165848,0.0292500292500293,0.00396525871913619,0.0514687547806271,1.27903068635955,0.0410786239640172
SEC61G,2.109795777882,1.38632945972281,3.26235537603557,2.40213533779607,3.99477768475421,8.3724780104757,4.16186674937428,3.38707914877001,12.4395875959449
SOCS3,2.10029796545066,2.74213933401757,2.25075984848981,1.26100768673789,11.8578934031489,1.47971260856612,2.99489033001327,3.37380073854495,1.96725493199016
PSAP,2.07549187689775,1.96694008193478,23.3411699899575,5.48823675465615,4.3744240902719,7.02510573110879,6.48258704950382,8.66445398765881,3.65524434847701
TIGIT,2.04744796858258,0.100370153748236,0.00826577455370876,0.0371655334677869,0.0,0.00198314709466053,0.010416965625094,0.0289423232855196,0.0
IGHA1,2.04409529798497,239.460624446202,1.2897607490017,1.91927184164221,2.37660537277722,1.72210365977119,2.88211645390796,1.34568655376046,3.43410865063163
LGALS3,1.94510518425342,0.489235239424127,18.911399639144,5.34430858737507,3.73427510792481,7.24677188292942,6.05840865082364,3.78236487777052,8.36706103220983
FCER1G,1.86438797321751,0.381852594928529,30.1127130146891,14.1845361024608,0.373696291469048,0.194468610628795,0.454656877369611,17.1904908169597,0.570922081982365
GPX1,1.81839928900152,3.14995758515708,20.8901629561861,8.002316156544,6.12787173626019,7.78150275219682,4.8951135315033,23.395913877566,5.91661703070528
GLUL,1.79641717986359,0.490939388250828,14.0631674172469,13.4879909855522,1.67502460695091,2.46463290492388,3.11310343648406,5.44852853032727,3.01259674464597
SCGB3A1,1.74452747128734,1.48895670768745,1.40191555235198,2.63327785943856,2.45177320266904,25.323631034599,2.33822921220969,1.51358961451941,213.676222391212
OCIAD2,1.71705336103904,0.959417171281897,0.118599307037174,0.724283562339736,1.38952985441664,6.4585063393172,0.51685943757179,0.355194400864888,4.42807549108455
CTSS,1.67892453520497,3.32414753609383,18.5642324569333,1.23825254552244,0.723838492262493,1.63715418498475,0.759353449528098,6.98213413275149,1.20613696927386
FKBP1A,1.67022614729523,0.770658336677819,4.74925668816706,2.26508390258838,21.2773781562214,2.58902127511357,3.53196312779231,3.83061574959295,2.62784871677061
MT1E,1.66909564188912,0.307638581114121,3.48515757038538,0.152995335130055,6.3823347480329,12.2200822475914,8.93947828043109,0.952959864161635,6.25375596775312
HLA-DQB1,1.63437411375541,13.4663122136063,11.3736683628206,0.66585897047993,1.23262457415278,2.86741969279016,0.162439763567398,35.316501556265,2.778502875387
TYMP,1.5834140502591,4.46805381205906,5.35857791206347,0.888837771835536,0.663333616815931,2.14891297276902,1.74097450336907,7.01887846129894,1.11366176301058
FOXP1,1.56740577047791,1.47561340901458,0.660214114789255,4.78785201536747,2.67382744436764,1.29799822720712,1.85373513986418,1.16368606118433,1.44465973174432
CD83,1.52804565532885,20.2458369304458,3.28123091601104,5.0475238882376,0.234865411531973,0.250912985522585,0.262401731775264,11.5300202413727,0.757279663026132
CEBPD,1.44592372783608,0.133241771256156,5.61122426550507,0.130157070092338,11.9947844735173,6.04276410262111,9.04238206238736,8.53143299315298,7.78210869501879
NFKBIZ,1.40188412358303,1.21418936075394,1.97618798966687,5.65996011729465,2.3405790963643,1.74829274663066,2.08698277462872,1.5830692416838,2.02377550243369
INSIG1,1.38216614401953,1.82001837455095,1.68112860993651,0.816348241485783,1.19640022381826,0.546952526543492,0.410430125481161,4.3502749016732,0.711041388431816
IGLC2,1.31089282905621,44.8794827691851,0.583241684215886,1.68992278513512,1.01106809230352,0.552332129192306,1.90334423621777,0.910614106305399,1.26207291384445
PIM2,1.29175405912831,2.9520824714123,0.146127459154071,1.26570361315096,0.0809732688179475,0.213583836782431,0.0536589033990115,0.627789833591825,0.148926570161158
LAPTM4A,1.28747315273028,1.97091604238584,2.94885890831827,17.8197239155976,6.10186172736336,3.15775553147921,11.6332219320855,2.50532805701647,4.33282962669015
GSTO1,1.28705797044039,0.945154539849768,8.18354194270688,1.90939844878195,3.1193178442402,1.47830230484965,2.20409918001155,3.83295160126029,0.752306949302666
TIMP1,1.23166959583276,0.664190923695745,13.6510107453514,6.56787551838524,15.5846833105594,5.66380584357975,73.4977683730496,8.90381094524507,6.7623263792803
NPC2,1.20810490907183,2.07117538782197,16.354139451886,6.35520067252179,9.25606420968129,14.2510970625325,6.22618738499765,15.5051041890337,36.5081801924598
YWHAH,1.15620352551964,1.54165514979188,3.34532205259411,0.91743662100677,3.08762515058115,1.37252666736927,1.61724771851437,7.67559568210927,0.830293344947385
PDCD6,1.07918339651674,0.921992474467512,1.06926904882468,1.02883044329896,1.76836629594654,7.10643085403913,1.19678981563998,1.13796256510594,2.3491724582187
HLA-DQA1,1.05663605284971,13.4961430815193,8.49788407738201,0.312733635749543,1.26223414293259,1.54398404053309,0.250388879040113,27.2034477870239,2.4113450161568
CTSB,1.02384762739847,0.960801522293655,15.1182867506569,1.70287166127728,2.30268605771096,1.77510922063497,4.29471133766605,7.74136306241766,1.71473430478955
ID3,0.986335724900735,3.48082595621751,1.12502655360976,0.235555927884132,12.0737259147212,0.923888093594963,8.14215922682236,1.72495941094882,1.20011653018825
CAPG,0.938707261800281,1.57470972974476,8.82502786373101,10.6551528658142,0.271883496183194,1.85737171018403,0.870058572169941,6.6763498611397,0.880108384086559
APOC1,0.925347910992917,0.364111180543613,48.8450409581607,4.4806374329618,0.702875364923843,0.485959775954037,0.861329063348487,2.24040520060998,1.38783833243232
PLEK,0.922268760537194,0.589456199788893,2.2935666685076,0.512902721516495,0.0122495878013705,0.0160977193768328,0.0428703171086406,4.14174844396088,0.0193997340773204
NR4A3,0.903013131150584,2.08388934679666,1.29383011426556,2.22769204658008,0.136349324504071,0.373330411792446,0.208264884085908,5.84922604091203,0.23801493367539
SFTPC,0.895559970134196,0.267085165295478,0.955989229573671,0.755536979511395,0.268704000260853,1.38399508370533,0.621303251729666,0.600293918150511,69.3604036229165
CST3,0.872533753011407,0.780002706474591,35.5873034548165,10.5229188781382,9.70681892229952,17.0909833028707,18.9525557017651,60.3097202004654,13.3261143388049
APOE,0.812830398765625,0.667975220750987,32.1741560147428,3.67287413294344,1.62704306763644,0.425532208901151,6.08505726620114,1.48482553839917,1.04455982204051
HLA-DMA,0.801322895138554,4.86950118939848,8.23645839954337,0.427533893365496,1.82554092997244,1.96021270605281,0.291826541626809,12.6241020997736,4.44932738800469
C1QA,0.800599433283439,0.557364307185883,44.1340056846995,0.989432033819948,0.750622609541305,0.201831236600782,0.589668839917811,12.5045695708159,0.687711040984756
PRDM2,0.790004751595479,3.25340591258904,0.285063709564946,0.406902556830982,0.195368036927743,0.286566680309566,0.578262604002881,0.319870046929451,0.570097738799789
FAM46A,0.762035927766567,0.577927585513924,0.97070100099891,4.17278953400746,0.389206450790738,1.15467679560319,1.77373227602042,1.07784899685204,0.939473572274357
LYZ,0.743832522050354,0.499283174455615,50.3030525340538,0.702936674726987,0.673568565694741,3.06785077081533,0.526547237057754,29.2700169592002,3.33905674273781
SELM,0.72453887671955,0.876706821112986,0.362084185991263,0.922316865049172,2.45380284962427,3.19710752296431,11.1591635075657,0.299030369012955,3.07065598270161
NFKBID,0.715286491073513,4.84163863071794,0.733332788416378,1.67033631932079,0.313728146749641,0.0965392077168736,0.0641554462758828,1.98101934667379,0.129094434078907
CD59,0.697946877241172,0.612896207510895,2.08931841843808,2.02451329593864,16.4769729179867,6.88081163625833,5.75243561783946,1.3106207581691,6.04461371889472
C1QB,0.682008654041102,0.502287210162867,40.0276245644935,0.511350859500097,1.06400497506758,0.178580809352869,0.652893761113646,12.1091441194203,0.591538421328568
TSC22D1,0.679805514577808,0.240759905240089,0.445832506747119,4.83659177571068,9.2183379699838,1.62304439590156,4.78439034281908,0.817883252936944,2.72734889364124
HLA-DQA2,0.676662375560852,3.46355551506039,5.06959755003295,0.0989181005127141,0.448383031837429,0.145313173668685,0.0446756095047419,14.6081093082985,1.80639791137589
SGK1,0.656194264894736,0.922924584863278,1.78060117341507,3.52757512806726,1.96438760613287,0.385506235828799,0.432405667808855,4.70552583805035,0.574943904888936
ITM2C,0.650165390316442,0.812865377956373,0.0413990217969664,3.89487629121093,0.229968084317742,1.23168472678607,2.21490944685634,1.23107403615533,0.526300312459129
FABP4,0.6203900279694,0.154782741585134,29.8379860678871,0.388479826778949,17.4046570191078,0.0242888844432658,0.486355263921016,0.356054005400387,0.262922159744878
IGFBP7,0.613869589335615,0.212223133765596,0.35044433352662,0.174482222724852,105.199811841244,0.830347909285615,63.5516190974649,0.588769266670609,0.956057342566021
LST1,0.548436984974522,0.357880150114684,13.0833201674487,0.475948816973018,0.0564978656516019,0.0317391231530656,0.137675262138441,11.7661152319662,0.237903685648484
ACP5,0.529972301725672,0.909786405527647,7.11460735663042,1.37432029432109,0.0702574562804517,0.184093209308097,0.510695365367214,0.958023396137135,0.552618727154082
IGLC3,0.526468883897684,23.9302094710075,0.301698828659096,0.387851101852528,0.834458804888151,0.533477947625865,0.663045172111396,0.277890934283301,0.810993523894524
LY9,0.509364286274831,7.25609028337264,0.0374623477057074,0.0277719486571836,0.0,0.0032632445916429,0.0032758176195092,0.150220295633656,0.0189063393069259
GRN,0.505714417739128,1.18935105544029,15.4982052181566,1.30745336829886,2.77037173418173,3.33751162029395,2.91681234581428,7.63022220930009,1.89923589203935
HLA-DRB5,0.504664245941764,3.75745617041808,9.52645287971561,0.71750116686838,1.93848910770098,0.976862097230391,0.39342590379764,12.6010859267491,4.10987216438337
CTSH,0.499201117641677,3.08651509393904,4.55637841114041,0.0847311337876345,1.41762638675819,4.31103256467767,0.581326619099871,7.51343373313831,9.1454828293992
PRSS23,0.498522809856033,0.0391489034576673,0.0170912772296984,0.0169884045845296,6.74047082679055,0.652782074654902,5.13034249345597,0.0280026861433271,1.20916781647683
CYB5A,0.456011224029609,0.353968441307131,1.63282885490764,0.702508170627679,2.36442938904202,14.4381903923238,1.46943082364787,0.558151985902272,24.0089203284847
PLAUR,0.445044243406865,0.189122061319689,9.48960008179539,3.61550792210515,0.955998328917695,1.68756013248306,1.41696984327704,8.32746235379654,0.299806319481052
NBL1,0.418495268770391,0.0457609618575394,0.0215386645020223,0.0816887497558829,0.770891690197992,0.332947312411672,9.99068175305931,0.0442673525950728,0.140788288889979
HPGD,0.411441956019506,0.0199032731437932,0.867655008541985,13.7773809620036,0.0151082049639518,0.370993644622534,0.0185821802407234,0.0457280517448195,1.72481390908788
ATP1B1,0.410395714125644,0.18552922604911,0.876168722518871,0.60991637393164,0.0403766174122459,9.66284852001764,0.34952085024182,1.06512728211075,6.96310197521699
IGHM,0.410372567215693,25.3657529170365,0.125058543366216,0.535795055436642,0.346230471282387,0.104311864545136,0.541739980487577,0.477548447212329,0.171173714325307
S100A9,0.397435003232408,0.336146391878717,42.2753921998486,0.298750218868469,0.362279671321311,6.73986856306795,0.338456553166076,4.52687119648883,6.51205428901854
G0S2,0.395990904561242,0.811380957679126,11.0527534971424,0.495723728462782,1.4243029894677,1.68224377244857,1.70707688461952,12.4135203857538,0.898764730103252
IGHG1,0.390105036594789,17.0146716479134,0.192929475022026,0.38289251904284,0.510706061233698,0.286085847354417,0.61210688209532,0.333134334881221,0.584037513484568
SCGB3A2,0.386552235107687,0.14005544840568,0.453866068020145,0.249060389337159,0.316270127522549,19.8910550230871,0.0981726469940493,0.290976881068496,192.923077376272
SPRY1,0.375804931262623,0.106639713433467,0.153181970429789,0.130901362718589,10.3702436992533,0.20979434888468,2.37230505612169,0.0753254648090216,0.443112174165141
AIF1,0.366520945792202,0.251278434432248,21.1705361483363,0.635786523024556,0.21414298348452,0.0900453481934432,0.220352213231553,16.0836757248407,0.295525569273332
MS4A6A,0.327985398422532,0.0802770130640505,5.07337995400028,0.132346305959383,0.141590961398725,0.0469010887245572,0.0954237157969731,9.94917496442972,0.0765171884596194
CD9,0.314860594757906,0.130126375601925,5.95270735716525,17.5935660902407,6.55360776017103,5.89255918409983,2.81724576354518,2.46871098179518,5.28026368489443
FCGRT,0.296794402008208,0.436150123833922,7.15220235651044,0.650230583407937,4.10097035886935,1.55419103880573,2.06254991818075,3.91822891198183,1.73948731062316
IGHG4,0.294290296447415,3.59588713344014,0.428364781900965,1.28728229338475,0.567871526449355,0.284942489173084,2.02474000964625,0.513286667326841,0.919724148179212
SFTPB,0.293541029813261,0.161102806910778,0.370521970985727,0.370251711253436,0.446285705926977,70.7386379806278,0.499858134727647,0.296801798474084,103.664305332541
FBP1,0.289957728159569,0.128062399073714,10.0135631605441,1.0147131193821,0.0841090609954076,0.744301014893511,0.159490294567251,2.96398500795494,1.00067164294558
HLA-DMB,0.280493759189959,3.14120736154258,4.30001845589423,0.0493095249413876,0.836811400922468,0.662113595653425,0.058223789238262,8.41962236392264,0.851619233004768
IFI27,0.278804896193872,0.242235183632934,7.22814267933182,0.222976789989779,38.2287184514096,19.7711515285953,3.76133346844417,1.04231230307304,15.2678981763044
SERPINA1,0.275980217132139,0.156195882907064,11.2153054079247,0.28318334213904,0.301136756395881,4.83577196993364,0.229404680539736,3.48565826459142,7.64048242596149
ID1,0.262886831097334,0.101296087035348,0.18038853470622,0.221594084004567,8.67712607127313,2.33793540487659,2.53014534613722,0.150713086569803,1.94107696024194
CLU,0.260664343182828,0.081996308747708,0.0718636376718459,15.7180258150816,9.12550424580248,6.82160012340164,12.6133183448904,0.0494723876803939,5.18814179344062
CD79B,0.260437954065987,2.55672596797961,0.162634911605518,0.225774798165647,0.440092534036755,0.00899999794303625,0.0100813042547386,0.0264775555487383,0.0
CCL18,0.256699620585858,0.144942680314704,9.37409761456254,0.138958914827429,0.200394381020041,0.0891813562639659,0.167247132574503,0.15899134109173,0.216596263273055
SMIM14,0.254853364663341,5.9373712907667,0.702403077757242,0.456555533293111,0.661514248750685,2.47657949493717,1.24019913371615,0.756657785519282,2.01643778181376
SLPI,0.253246110720612,0.363064876860176,0.274061112636814,0.223007476773854,1.07644095699157,20.7016908828765,1.21482245893263,0.22479506215394,48.078863165818
JCHAIN,0.252805536505728,33.1673086121205,0.204925799648662,0.312503222931091,0.480682164810917,0.259906961539559,0.701905478514104,3.09663841171369,0.490631429191979
SPINT2,0.249685755985119,0.838928428410664,1.2254427317549,2.37993430878707,0.0526311971225777,6.13697631786056,0.534223811619381,2.92043514391582,7.37484516886839
S100B,0.244292982091686,0.0449840724502208,0.586070103185176,0.18125640500714,0.0323415024520264,0.0203745803522326,0.11733119457496,10.7875980351716,0.154796002397109
POU2F2,0.24350932055662,2.23549234512667,0.544600050046816,0.0961190310603223,0.0188299448847513,0.0532295749804585,0.0061322729476436,0.463944380599901,0.0925066049809548
NPDC1,0.241915990575762,0.031335754060728,0.0406203512232321,0.0115339189488448,6.96289731615357,0.964330601790158,0.63940211498533,0.0641034051215258,0.353598460656405
S100A8,0.238060765507989,0.210318802670649,26.211815819925,0.423946621786506,0.251875660236433,1.57829008490297,0.162145211087055,2.80595949851512,0.197073694027231
CTSL,0.235600508161551,0.120773132905586,5.36507606424426,0.383341472377737,1.28631987501705,1.03346153701289,1.75711671534209,0.715401438061303,0.5663024494094
TDRD3,0.234228120698142,0.154352726132827,0.18488378175736,2.47103959045248,0.193881204905071,0.0955890664570512,0.239936654421245,0.118510005191932,0.1696236831422
IRF8,0.23126784905482,5.50562940997122,1.1163765102407,0.0,0.0891683173750185,0.0142877063785216,0.112130214493983,2.20712456332379,0.0291233312592792
PECAM1,0.228008111899691,0.121924221726148,1.5172848542902,0.0,8.51086744715416,0.073564360260829,0.0104486630153454,0.550620277756394,0.0674078834835547
PGC,0.226592761706486,0.306740340837073,0.605170797766507,0.0976855420733891,1.47583329932274,194.85981710747,0.470147787489711,0.264000309852307,53.4988521546957
SPP1,0.218503554701886,0.371136796968067,30.4653008176609,0.554663795313615,1.40577991057412,1.06992875408247,0.665679236018965,10.0188562766986,1.41935533528537
IGHG3,0.217384023396819,7.65312343712179,0.0973522794235682,0.0905450254208067,0.229605209889172,0.108671485512119,0.223673362449846,0.130192461094278,0.138446124970453
FN1,0.2116723895687,0.228962928772542,7.2129175110266,0.299889076133011,3.72418511042984,0.548902116493606,36.7514124998697,0.918326831376035,0.602989625209988
ACTA2,0.208162396294282,0.0550636953988952,0.076828376985007,0.0658873653608681,0.326839197820712,0.0675325550620693,22.4507463971622,0.0897697459697563,0.127382799835428
CD68,0.204691693389843,0.371020522056058,11.7862823133726,1.36210910213907,0.0699875027234283,0.392090130046065,0.529560465453944,3.74048748701299,0.244940627324555
LGALS3BP,0.195688660925618,0.105707346054365,2.22969293236008,0.0991287811145582,0.341969849071218,7.79670031680509,5.13074625556487,0.607009935986571,7.04525518540131
C1QC,0.194302047829899,0.211024966596246,16.5466841206261,0.29385872454437,0.340699934936727,0.0703860706178539,0.143034275658164,7.77309831588826,0.199462290422525
ACSL4,0.18284495854842,0.115016053980509,0.48791055955724,2.71771475797283,0.181213610495417,0.299831917719249,0.212468300113445,0.431571711060633,0.165223259188305
MARCO,0.18255317139361,0.0683309602668906,9.04955447982073,0.123458897892701,0.125854058541006,0.0130820445772539,0.0819980037416884,0.372369265249773,0.176099697725279
CFD,0.179571609974482,0.107514683383621,7.55579152299953,0.273961555783453,0.0140704366056479,0.202386191649237,6.04152235362685,0.430932814811732,0.406316709420599
PDLIM1,0.167009120248479,1.41437958913772,1.79598302342477,0.0572154870387164,11.4585079607353,1.13620388313365,2.03572133898119,0.259317494838498,1.74568503864597
WFDC2,0.163587163249775,0.18263914574859,0.221638287959053,0.238961144436994,0.31737612528956,32.7247531645928,0.323287370984036,0.11567174205691,53.5502107335794
C15ORF48,0.160541254823569,0.150966763441167,4.17397248377545,0.111370099996397,0.0122495878013705,1.51588126927072,0.151752314100268,11.7878308554761,0.820489117659416
SFTPA2,0.160223193665083,0.0953604864918851,0.128328643246148,0.130305721199195,0.0110914791929396,2.69844969042511,0.0398495717161796,0.104924781565152,33.2091496619745
MZB1,0.156024351746543,2.84891414540428,0.016414938213609,0.0618525039848212,0.014771397846921,0.0458591719454189,0.107434346748855,0.591432325029231,0.0749185871916221
KRT18,0.155380480153765,0.250027655606076,0.166999796284006,0.100309661647305,1.07332545136371,17.3138061358864,0.93588032957485,0.163168041221556,9.20059451514725
CPM,0.154691237808465,0.0550996161409099,1.36547771528895,6.60026585860795,0.430327997424218,2.16490152125461,0.381418724228885,1.10391714788431,2.72198961701928
FAM26F,0.154652256449568,0.835987996575772,2.77147495217278,0.0912503178285093,0.191011872269356,0.0142013676205155,0.0766223373296418,4.20851966077956,0.0425726076015577
COL6A2,0.15290595352711,0.0681444522530804,0.0356083389781904,0.00875816260755024,1.36746572916331,1.12840330865791,19.4728098570088,0.031044352557739,0.360327790831567
IGFBP4,0.15245190497133,0.161214797593278,0.136698076483113,0.0230859256424381,9.29547007329919,0.973435645742229,8.09309311974839,0.0966636505078761,1.73757166704965
IGFBP2,0.149555162384365,0.072483521561094,1.75009708278045,0.0938037500515402,2.47572008790921,10.5400899582175,4.44485926593811,0.0492893428931079,6.17131262779706
ALDH2,0.149297251889115,0.218810544402049,7.28385181886936,0.260081930259272,1.52611554954119,2.39550900024992,0.777145656477686,4.27208990497812,2.97669743269203
CXCL2,0.13870184515699,0.119440664735024,6.15969883638014,0.30852181583111,12.3483356396047,10.050798470906,1.77381525170078,1.3078219844069,5.94035154742777
IGHA2,0.138321139009877,22.1783830041536,0.124396223318965,0.297053493852206,0.225781982172276,0.108764236060168,0.315084084513392,0.148695737416727,0.367695864430948
SFTPA1,0.134374650231072,0.0538239527874914,0.100613524407217,0.138344175128898,0.0611030243312265,1.92116927786488,0.0237359062210731,0.0874564775794201,23.0136900377779
TPM1,0.121308652221688,0.0873872018079588,0.315047576323559,0.964099963031396,1.77506010694567,1.28969569298874,12.9529153032139,0.34630237519017,1.48500261675363
KRT19,0.117331423352396,0.197204475282447,0.104717805916692,1.25060631802516,0.101100638129298,10.1344635375703,0.446917614968159,0.09854639952073,5.65447425127155
HMGB3,0.113824304736859,0.156185229759974,0.311460627992468,0.215545490288911,0.464108207395024,5.71951904015755,0.138972758564297,0.260188744898842,2.64709453345585
COL1A1,0.110853944042945,0.244374656623818,0.0812683002358852,0.18809354872858,0.124397238458923,1.17865143018253,105.696512935964,0.107468411434306,1.20007010588771
VSIG4,0.108982128728614,0.0637825645105301,7.56571918105505,0.0950286162171184,0.150831040415307,0.0181630602360998,0.0331517726185624,2.29748493205593,0.0936777172629106
GSN,0.108928634360576,0.104458227163759,2.16964955546963,1.16160660315942,3.84884508272155,1.57655591999397,5.07897474073257,6.01570338270966,1.40084532021365
NAPSA,0.108060358930698,0.0962874806875884,0.163182830911142,0.213847596844854,0.270066940039147,22.6608378541214,0.330343328708367,0.185210939371608,37.3705159446533
SERPING1,0.105221726520145,0.0698719560440163,3.27387693455388,0.0978085304417505,2.61088628810157,0.301730769148077,11.5154918913114,0.36321771450228,0.555454980646002
SLC26A2,0.103311129118429,0.0940306436887492,0.119639729800585,2.80226525883986,0.808338405449787,0.156607444647753,0.180150296949647,0.0894768254382032,0.101847464976791
CRIP2,0.102135422449874,0.13181640006188,0.0643450516516134,0.0420011474930609,7.77544776689038,2.16956323970303,2.16749221955525,0.075406262883769,1.52843285145399
HES1,0.100741661056063,1.97872593001487,1.29852597744045,2.29213770120766,11.2575459468796,3.51297683910897,4.29228004606713,0.285950796845669,2.15238657592383
IL1B,0.0980702354587001,0.0609473318166923,9.47200742315453,0.173819876299973,0.134205928789836,0.0997065078556213,0.035958031766984,6.86045309171526,0.102233561097739
MRC1,0.0953196735911726,0.0353274845738341,5.33322350152816,0.0991405462057927,0.311277360852832,0.0395730449254171,0.0671101994490945,2.16197787720581,0.0673404517832021
CCL17,0.0943041833499793,0.0882205590360628,0.819508134263388,0.226696380796465,0.0435430037835775,0.0308810852273924,0.186070901127456,30.6876992894754,0.16416219434272
EPAS1,0.0900978137744064,0.0275428431866268,0.328140811611684,0.692609844882708,7.6842546734348,0.606019272813964,1.02794748033399,0.0784574805829054,0.912809179417528
MGP,0.0854505902170634,0.152877212211032,0.0542046961527891,0.131400627473129,42.9605361997818,0.3991707224779,52.472351500022,0.0705593727412144,6.2333823983312
CD79A,0.0839410229802567,13.5879637210954,0.0138887271357968,0.122933345653767,0.0130957073580851,0.00843765681941174,0.00319667034816535,0.0671124599882638,0.0451398988429012
MS4A1,0.0826640716830522,10.1211305269711,0.00749359172262584,0.0,0.0416169282433771,0.0109483915721073,0.0139736993287743,0.0467496901095781,0.0
MCEMP1,0.0776567469189845,0.0464720415251475,4.81528260469888,0.100852819190445,0.0,0.0133223699665571,0.0231612794976837,0.327484039505741,0.0794908103353837
KRT8,0.0772262921233372,0.180820217883433,0.14350711970952,0.101123858296071,0.623245342154093,12.6840622362478,0.557947422947566,0.129293195404513,6.43721010135664
LUM,0.0771218718032531,0.19351078772003,0.0680818668898386,0.15281941559133,0.103162026365297,0.0507019179817449,70.2987773236606,0.0875295715834646,0.161916293313561
MS4A7,0.0750176529818386,0.442611995898253,7.37742650156448,0.0809036587423603,0.0,0.0254041047104183,0.0537854022828301,2.29876716311692,0.0191879979275998
CAV1,0.0718473611826977,0.0673807820091561,0.049615983030583,0.061812615227446,11.4589569089633,7.93787089365169,4.72536389767451,0.033712679970231,3.0999036117833
ADAM28,0.0717996189608163,2.53626231519845,0.192260247501087,0.0385205601750692,0.0308516759401663,0.100381857720109,0.0267025762070124,0.659630615907314,0.143139962667927
FCGR2B,0.0696668415428271,1.21815836243744,1.12249109882399,0.0,0.0964173640624276,0.0203671979236837,0.0324828706681477,3.46397010362035,0.0188792102207428
NQO1,0.0689004317638483,0.0230782547875268,0.0732441457503972,0.05422288517061,1.36433518105019,6.13765872906377,0.212622834666879,0.0371111835301709,1.16873310035038
RNASE1,0.0685255639045287,0.0613959029797672,3.9414579947552,0.0544714152020195,10.8010401541921,4.66322349006654,0.112605070511346,0.227113061185251,24.2584981667459
MDK,0.0676325926421254,0.0633586750317721,0.188337464398576,0.0845556014524444,1.8181544213988,21.0726401329942,3.67061581712805,0.0624909254598551,5.3547919015829
CSTA,0.067090928963338,0.0502997339489825,6.36212170958719,0.0104842903393555,0.117486651317895,0.126710921339639,0.184180000738079,3.3365185680016,0.0810609043587893
TPSB2,0.0640870498247048,0.0681424632801108,0.0827772741222686,401.610252831924,0.11414645560987,0.0532844352798824,0.196243966471575,0.0776856037797934,0.179116936273677
COL3A1,0.06366578475822,0.11335660698102,0.0518501858379933,0.208253868531399,0.247151137319674,0.0426965643942361,71.4240565333942,0.0550010467022975,0.1070930465739
DCN,0.0614751455376211,0.0615504904993078,0.043577515670165,0.210861524351224,0.145667857384776,0.0254938493322829,58.9885986742781,0.0312761349076872,0.0576379715228981
HLA-DQB2,0.0596785417534606,0.216292986770522,0.837892312293992,0.0,0.0144236039393747,0.0828435844633353,0.0487494688094052,6.77840080351749,0.143505135353553
EMP1,0.0595161804067013,0.0256524686575024,0.518343288716473,0.0262936295265953,8.12336400479618,0.362504095603439,2.36133479274184,0.363873531844438,0.511823531337461
AGR2,0.0593398906603512,0.0958630665444239,0.0982122954848916,0.210368346907097,0.292122862224985,15.1918788457672,0.215323927506609,0.099101173774031,18.2948541286358
ENG,0.0590757144125305,0.0507709506718965,0.747238953051597,0.128008577852649,6.38793445999816,0.175327852884464,0.978487765182227,0.742365351067539,0.0520495376187614
KRT7,0.0587759203278611,0.135158021442424,0.0724751263608658,0.07542790422862,0.18910543057521,12.9464389770575,0.276419157145203,0.0582675065271856,7.40301774111903
MGST1,0.057664379811714,0.045784714379155,0.957865469161378,0.0762246440510692,0.124822211782923,15.7383466977719,0.49817911666477,0.163616240559505,12.8574662761829
VWA5A,0.0544905979232414,0.0339526651962164,0.12383287682041,10.3985245443932,0.0718186308191243,0.193993286546199,0.126651755897147,0.0451764828466929,0.206538210998754
SFTA2,0.0534391499646483,0.0382488904394266,0.0447213402570045,0.126721635680636,0.0676933509336326,6.4415226078883,0.0673866250567888,0.0410325625059912,15.8618281621785
RNASE6,0.0528364205373265,0.894184363555009,1.59940709835638,0.0296557619848669,0.0441283761082955,0.0187062330252955,0.0141122444622256,3.93220671660597,0.13227521155022
COL1A2,0.0522910070605499,0.17485850039701,0.0542334343197678,0.184173801947584,0.496090685500262,0.0511690865697631,81.9774922766478,0.0953476737267518,0.182512281603305
MEF2C,0.0522670482221868,3.44076541284286,0.923946479961769,0.0225265813660119,3.35553469816883,0.343514161005772,1.11250811039445,2.53130640099852,0.715375668241942
SPARC,0.0515382174470599,0.134483710683353,0.32814225340862,0.220815200823341,19.8337981225367,0.132117136995266,46.0033391523972,0.0531654692935999,0.0775750816051343
NNMT,0.0510578755645955,0.0758438621193306,0.292568936191434,0.0125031257814454,7.93360049577965,13.1118191034208,12.3728998544779,0.051891668422546,3.42844429627351
TPSAB1,0.0504964767150551,0.0636555941392909,0.04757180890166,307.038882728972,0.115253788265296,0.01690733678186,0.102181545691717,0.0314039770049367,0.0639948475509254
MUC1,0.0477335028545788,0.0562491679525592,0.0554849348535697,0.0899737209122503,0.191233072920301,6.6783753038604,0.116033089643829,0.0442602981382111,9.38688335690219
FOLR3,0.0468302108305167,0.0219720902902209,3.16187842968597,0.125873005450447,0.0,0.00357648877860354,0.0343475005832701,0.0733625105515784,0.0150041844884834
SAA1,0.0457281474240533,0.0588606839021509,0.109616464495195,0.00720303334140073,0.0498745667283184,26.4406578894575,0.246510783396317,0.0498583148680996,7.45248673594159
A2M,0.0454616494257629,0.0581650048798248,0.661482984438146,0.042685441000406,15.1683702302164,0.0349871375054256,8.11173268729707,0.439562144724666,0.165926642745387
COL6A3,0.0452705995444841,0.0269830610905319,0.00870065629864553,0.0318824080510097,0.107804285391942,0.0252700312647267,12.9845823800977,0.0327763926632875,0.0185910211839077
GPRC5A,0.0449494660054136,0.046211568717585,0.0559634752708577,0.0333646687794535,0.296644375116524,3.37434612333813,0.409823867188275,0.0360930842960979,5.36314935031892
FXYD3,0.0443226611509573,0.0978544550965146,0.0620982142202579,0.0814417969767214,0.170134806730211,6.1195286559768,0.151121610043729,0.0312763608643863,5.25271266905364
TM4SF1,0.0435490567760574,0.113497215672812,0.0445971389879868,0.0704349659424374,27.1184355874299,5.87072878830667,1.53711845828739,0.0634374216965418,3.1403991405683
CPVL,0.0431580725642169,0.0332998158325368,1.99183461917422,0.0697934472115828,0.366471499371217,0.0361101806274426,0.0845838952373091,4.79652432253762,0.0420651376593182
TACSTD2,0.0417421047113755,0.0920917923254994,0.0778199680428973,0.039108684986746,0.580908809035662,2.59491970255258,0.0993651241683247,1.39444058740218,4.78848592514434
MMP7,0.0417029201637399,0.0644159298893356,0.0555615787960563,0.157969873191679,0.0,1.7188442325562,0.306115467012574,0.0733295256304797,3.0799027386137
CLDN4,0.041650323264516,0.0580390613869947,0.0362391322169197,0.0487932956948857,0.0799315473633921,4.06074259842108,0.0909217909325185,0.0324277567784854,4.71287646057774
CKB,0.0412158842069424,0.0360333798989493,0.27496408807767,0.0816424982820313,0.0252469148270081,4.62124324261277,0.373171685076781,0.254790687387468,1.65516672874669
CTHRC1,0.0406423542908202,0.0512816710540035,0.0165827529983463,0.0439896600457446,1.12756905355162,0.120802698819222,21.3766848810558,0.0263394755606684,0.170650019683128
TNFRSF13C,0.0402088004309625,2.54192269912862,0.000695730563361488,0.0,0.0,0.00454636819738096,0.0,0.00945956870879711,0.00905563328307457
TAGLN,0.0401817196350631,0.0413204568890608,0.252277736068905,0.0583241679537035,0.500772288227946,0.0587114398496241,43.0689065100627,0.0745150439175329,0.116266599982248
CXCL17,0.0384021998751186,0.0445966141327122,0.0417097634394902,0.0687566401663513,0.0,6.91639779032896,0.122765982264547,0.0331924557038768,15.8932530257357
CPA3,0.0379311039792837,0.0774135911051385,0.017340787917495,49.6080771154888,0.0,0.0105707147091746,0.038109221895877,0.0351981081025185,0.0337261503339777
SFTPD,0.0378910307596533,0.0274188309220359,0.0407411527451735,0.21317691704498,0.0,0.450754014586838,0.0305361255618642,0.0451387298063159,8.2066559654957
HPGDS,0.0377238619102788,0.0181697266029326,0.468157772580073,17.7374600089621,0.0130957073580851,0.00169217498547427,0.00864718328938632,0.958510201614954,0.0
PCOLCE,0.0375511615992532,0.0421338047474303,0.0190226450758212,0.0286578355230717,0.202429435893317,0.120543937905131,10.4858816784601,0.0548892043316935,0.168885642820594
CALD1,0.0370054409689086,0.0653628005738467,0.0361330031483396,0.0552808360828731,8.24443254078567,0.892020209911826,38.8932597671065,0.0231787874682653,0.24979677437197
RGS13,0.0368671149310024,0.177987439552498,0.0151681580304184,8.72604159029817,0.0,0.00040086034250149,0.0,0.105917394268614,0.0
S100P,0.0366105637122498,0.0133331511071554,0.267418544134896,0.109870898754143,0.022920954795293,13.170750010439,0.0933444088804341,0.0902559815159507,0.823048263215481
MMP11,0.0364420198309642,0.0745334791589658,0.0328115110285231,0.173730009924864,0.0,0.0448827657027178,37.1431640647392,0.0482855404153542,0.0391134035985739
CXCL1,0.0361801831351856,0.0488016317430108,0.346069958897312,0.0504754257149771,0.820593424460632,6.32814358700116,0.688738011975275,0.0943360156847179,1.74619731296632
COL6A1,0.0356072832509298,0.0213882130929623,0.0543447692930037,0.0361048678226271,0.522884913259677,0.766522090006611,11.9128778610447,0.0310490169644337,0.317294204435346
IL1RL1,0.0354205368818623,0.00350405068258907,0.00574374442560777,5.06552927781319,0.0,0.0337048107069252,0.0200818500912357,0.00770095445038419,0.0
TPM2,0.0351004667880557,0.0399599583683278,0.0270716980785118,0.0261030530838766,0.326872904104621,0.567180288734017,18.73354538318,0.564895508580663,0.311440651827338
TCF4,0.0346680497018898,2.44162773014399,0.250742875371323,0.0574925801513537,9.64831139701307,0.00748044559155211,6.04428107634477,1.54554106123571,0.135696174402706
CEACAM6,0.034464363999132,0.0430668365976637,0.0394629582110857,0.156913407932014,0.196565716138232,6.46048074053898,0.11801495337543,0.0668279488881622,15.7007325223572
MYL9,0.034382814733805,0.0756903033826758,0.0677520895681222,0.0928508003275419,1.57938310935144,0.315498250523334,19.1667715799468,0.15513473773784,0.6690233885634
SERPINF1,0.0341962203171161,0.0763113237305552,0.434706779999415,0.346589143229333,0.0999331127813026,4.51570097633182,12.7561222253877,3.03511496284955,1.03791867713178
C8ORF4,0.0332705042014303,0.0505494695033609,0.0611428892805179,0.0,5.66987372768482,4.70974381501951,1.1122070272702,0.0196012051227541,7.23917343329106
EMP2,0.0329746679602265,0.0427475876178706,0.136407969301772,0.0258955480521482,3.25772663544299,4.55761493827668,2.25902152040414,0.160926249204226,5.22456328583721
CCL2,0.0327561381743792,0.0641588029498356,2.77817941827688,0.547171158107604,6.73792003897651,0.103162452461523,3.98398849617365,0.751665456604275,0.625495460865203
RARRES2,0.0322374129656832,0.0808642352899157,0.0248753936486575,0.0596789247061989,0.196633571023608,0.970192357224922,26.358593221427,0.0726337643897229,0.741769626691548
ELF3,0.0309854124016487,0.0673808314622928,0.0561237831990805,0.030916227382744,0.0,5.79300009251747,0.0134719837613411,0.0577547722921616,6.53446556268745
ADIRF,0.0309035307250211,0.0372389719391501,0.0408369840996762,0.0743479847630817,5.79645965667154,6.69338762498554,5.85753488925784,0.013428450142685,2.04120749347912
HYAL2,0.0301393099081374,0.0300249043658195,0.140911638841682,0.0257612365926503,6.55389768430883,0.562925311815883,0.358559733218114,0.0940270948306018,0.208748429020971
TFF3,0.0300321627715063,0.0284621678890897,0.0567532948572055,0.0880382867258092,2.74743809176781,10.2014360948792,0.098952213525484,0.0452248114559894,7.74767580704068
CSF2RA,0.029989727700395,0.0139044100650935,1.12116819946527,0.0639456623555992,0.0128444397062734,0.0746817976273922,0.0115598953980749,4.52034625697101,0.079150626104944
VCAN,0.0293824070395414,0.028097704197363,3.37154079639761,0.00828830023538773,0.195099738430347,0.33802870768604,12.3836036489862,0.649951702509463,0.128633896014209
CD1C,0.0290771786045898,0.282248614362135,0.159375397552476,0.0182454214968963,0.0140704366056479,0.00634362654328817,0.0162266267828559,5.41038083448739,0.0561647013949649
PIGR,0.0287008337182834,0.0982838888434346,0.0363893638242386,0.0271940244198677,0.0,1.48458020908249,0.0268985921390914,0.0600491202263263,12.9374998587601
LGALS2,0.0281755214920821,0.00443113135645793,0.781395837313959,0.0,0.0,0.02682490662299,0.0418055654646303,2.75701994238392,0.0254750775563305
DERL3,0.0279933609374362,1.65420193634874,0.0226852253784872,0.00947651719040218,0.050168541677439,0.0431477144623004,1.65730077229398,0.501396021890563,0.0873560642228549
C1R,0.0270556813376489,0.0442327822563444,0.0264183615988835,0.0130917469627147,0.730960442772684,1.41902806747954,13.3990691755791,0.00635089676647687,0.820978657247129
MMP1,0.0269776303867381,0.0316375381651454,0.0533574661346257,0.0828431716805261,0.854743877371428,2.39236397206303,1.37367529823848,0.079071608455166,3.62399794604098
BLK,0.0266457573170056,2.27894858924044,0.000995940846009037,0.0,0.0,0.00391224203279695,0.00614902372114445,0.00794549893558278,0.0
LCN2,0.0258479556895487,0.0700972137443363,0.0505399101073329,0.0230590302205207,0.0680774672675217,9.45222242978705,0.0459110716262871,0.0637973981661669,3.37055217765472
EPCAM,0.0250193418180994,0.015530927103347,0.0284703157544207,0.0258861808844352,0.0453942052727841,5.777055064925,0.0385986267553301,0.0650574856356106,4.4357148504487
CD24,0.0243517937624396,2.69879752751724,0.0264076113949688,0.0647009113919221,0.0741180229442347,6.14644996245815,0.152072703647141,0.0610624692881194,6.72269053626288
AGR3,0.0237084918362457,0.0374968901736194,0.0329864507643728,0.0639835358967305,0.0291319268439053,1.60350990618686,0.0254101137187199,0.0274788947600268,6.1763650948394
FOLR1,0.0231668543845965,0.0237471791280918,0.142615162247925,0.0373432870550074,0.0893192089890852,3.14334263206056,0.0961519173056096,0.0286271062869145,7.81831374414889
TNFRSF13B,0.0217011963315223,1.87912112269527,0.000178365632852324,0.0,0.0,0.00507908645519382,0.00384573081576411,0.00936040044835156,0.0
KIT,0.021669843295452,0.0218765330080413,0.0120692135326508,7.39186796200712,0.118700031044968,0.28293615585481,0.0634413715114244,0.0363402204853544,0.311855975904672
CTSK,0.0204500468417318,0.0382918070619239,0.143975894618654,0.0364362279632398,0.033402811180589,0.0280599931655715,8.40406704144254,0.027089005615591,0.040047354740173
TIMP3,0.020234537758774,0.0242521383087551,0.0378355540744895,2.63632346053648,9.21516814175347,4.00895966123509,9.29961167360921,0.0206825748485578,2.22935897935742
SERPINE1,0.0196959806150271,0.0409920935501661,0.102650322154885,0.00857562327629972,4.90198495043926,0.0548678791144099,1.45917976804128,0.016376548109857,0.0185522255365321
BGN,0.0196619737876219,0.0502597386672384,0.0211896665718999,0.0269361542577067,2.47105883128841,0.0230201179572056,20.0331649346916,0.0152076267911741,0.0335099340743036
SPIB,0.0195156501723532,2.13203174592633,0.0306620698795325,0.0,0.0635994759403183,0.00424851654616127,0.0122926979869199,0.860258586748788,0.00982079572386292
FCER1A,0.0194698040620138,0.00704448227940646,0.130631962780889,4.31954039801275,0.0,0.00775577208713036,0.0247330487721256,6.72691627228851,0.0076449815505955
CYR61,0.0189148549196174,0.0334948100074246,0.0140418123546031,0.0275104354025387,6.54147666072609,0.727604680944611,9.98503797706547,0.00806715644847935,1.320814549379
CTGF,0.0179567690259927,0.0371108542879342,0.0120563110429129,0.00982998065459807,6.08203609559052,0.558191442246407,9.97855082970404,0.0197459675097158,0.779321240577469
MAL2,0.017841685020488,0.0237373564428073,0.018781828164505,0.0135492542490461,0.0196148814182344,3.08924597060858,0.0440317868105947,0.0150507764258247,5.29703095199042
C10ORF10,0.0173174085750237,0.0598097129686705,0.0226568744957405,0.0304713828415415,10.6661638401,0.388947231724873,4.7041455118549,0.133350662489987,0.420917722766264
SLC34A2,0.017275819444552,0.0289734498131445,0.0150580614007974,0.0507008428200253,0.033402811180589,2.25504856765568,0.0201849871344369,0.0313146881909231,8.20656157941381
C16ORF89,0.017132202780338,0.0041300766078653,0.020640182477228,0.0849325232983244,0.0147011693310086,4.19033245117462,0.175888603272854,0.0302227424633947,9.00558767344607
C1S,0.0164733681903843,0.00831449440828784,0.0288922352400703,0.0,0.167683718010299,0.951026624881794,11.8484059261352,0.0175008854927646,0.526191166334014
PTGS2,0.0164630825746969,0.00368459837877671,0.397546106418705,2.54979384271577,0.455360138919785,0.196509757559152,0.305007884552439,0.393698019539929,0.333141585746748
CHI3L1,0.016445496607162,0.0,0.253206330153086,0.0161097006173237,0.0474206518149729,5.19640748107871,0.886937569045724,0.0275471188602361,0.950991238099604
S100A14,0.0160350521773258,0.0453502446606029,0.024847995013882,0.0528637760887486,0.172407587489682,3.66432517065101,0.014623179874391,0.0164598664646725,4.97647754610887
POU2AF1,0.0158430132459713,1.38484598592703,0.000837501377623337,0.0,0.0,0.0119342849945154,0.00486442364849286,0.00809385553654821,0.0144247000020338
HP,0.0158349742424187,0.000629754647589299,0.72753662910299,0.0167105597369089,0.0992655013091304,1.06093321004221,0.291373462577255,0.0112571460641779,3.69760750844271
SMIM22,0.0158055472389257,0.0221374553974512,0.0207522529917193,0.0192412129982989,0.0758516976138241,5.25320068083188,0.0365418423315105,0.0319954800279976,7.0968674686603
CAV2,0.015802585582748,0.0129013407969381,0.0216539972326033,0.0267213920776417,2.58806834747679,3.91717377892211,1.30629045553343,0.00173495447479458,1.30286305760515
RGS5,0.0157048069429637,0.0172749719045433,0.0143508728534186,0.00994391631200032,2.54589938027366,0.0560541395500837,7.68485780482072,0.0169162213885118,0.0521653216664369
CD1E,0.0155908334082876,0.010542993494443,0.0898594856360226,0.0480141709734795,0.0,0.00189980303593434,0.0230017468355816,4.25711770791063,0.009706903586993
MMP2,0.0145260419778389,0.0188831955396867,0.0737061206823166,0.0341110676344509,1.28748941486004,0.0176232334679819,10.4802975932165,0.0487423680278891,0.0419168439971882
SFTA3,0.0144460312798297,0.00597557186222722,0.015983451175162,0.0298900913450406,0.0,3.14434703904885,0.00774888735842459,0.0132211827253895,6.13942119078347
SPARCL1,0.0137704088167224,0.0287626741372165,0.0203817522572942,0.0,34.5350446033698,0.0270207765804925,11.5992795566855,0.0366833425982793,0.0460903229175292
AEBP1,0.0134978356500229,0.0502575404996066,0.00953787534650886,0.10599970779261,0.233662585557686,0.00196357697070605,10.5398661984188,0.0639683873564236,0.0120129781805003
CD207,0.0130616758041704,0.0,0.0417771149065604,0.0663092430379066,0.0596281588017125,0.00560662408668536,0.0312021268149829,2.82919790911342,0.0194577012002148
SPINK1,0.012721037646775,0.0,0.0399134219264813,0.0,0.191444364094941,16.8818450662756,0.00799048777792703,0.0906068761100465,7.84769150495899
FBLN1,0.0125448925536461,0.0359207810486641,0.00822461693700021,0.00994391631200032,0.0458085864185712,0.52760845699894,14.4742985269702,0.00779961745312751,0.153295309820698
PTRF,0.0125334986249375,0.014171369188656,0.0255379674848442,1.2232567685729,6.61635980806131,0.523749051323438,4.5916254427747,0.0531088455110733,0.42390890463597
BANK1,0.0123890230922626,5.3720768405693,0.056887394409696,0.0,0.0,0.0763922828761074,0.00412779317444632,0.223424766757823,0.103816247177641
AZGP1,0.0122514222361199,0.00445839426472162,0.0224688064037641,0.0,0.0862675717904366,7.43517188211614,0.0222900831420101,0.0477672865886214,1.76298435399873
CLDN5,0.0119536470987467,0.0175515325104224,0.0109641005059111,0.0397926358092161,24.562841094995,0.00364188871262147,0.010812712870947,0.00317694833475057,0.00330446879837949
AKR1C2,0.0118413686712156,0.00306876488350968,0.172962134528124,0.0587485798247505,0.171273182523978,5.31926161378862,0.154337878865061,0.0178177620439971,1.11455221402999
LINC00926,0.0117741745719825,2.45224907620524,0.00730861609317874,0.0,0.0301602716837273,0.0634279788435481,0.0224990399478612,0.0142269801331638,0.0111809529408186
HSPG2,0.0117425177082623,0.0156547910784888,0.0126623086805428,0.140053934233624,8.00262005278982,0.477480577994762,1.11358355828801,0.0350735866050051,1.28162642732461
SOD3,0.0115784879364245,0.00995160959184499,0.0236392678109892,0.0348014240782896,0.149688109908411,6.48006982058343,5.30085383131557,0.00162852869597845,1.72950618827934
MS4A2,0.0115524691447375,0.0079793886511591,0.00389598856335448,21.1568195830089,0.0,0.00233048245414718,0.0155998090221536,0.0,0.00547736352386186
POSTN,0.0114005328796921,0.0506008729605027,0.0175790724360362,0.121556886356072,4.04337083914316,0.00414830495950251,14.8968382624695,0.0162378057731561,0.0111332807116818
CLEC10A,0.0113001439254505,0.00544236990543334,0.421927694481826,0.0294034756087451,0.0313037340937224,0.0026901893097768,0.0180829471377515,3.97389216219425,0.00364633470435518
SFRP2,0.0112405558156704,0.0402850633582122,0.00814758458954356,0.0547267746476034,0.0,0.00830442347620614,12.5101850368926,0.0139111692701422,0.0212763406825193
PTGS1,0.0111744149701064,0.0605341775181873,0.202536139600095,3.19605202704054,0.164988731938941,0.0091451694031542,0.094493016806615,0.53463699158763,0.0
THY1,0.0110865275348842,0.0171176517489813,0.00455547956253398,0.0161097006173237,0.713125408076978,0.0152526485111399,10.3062388293237,0.00453757316645604,0.0153245144915903
ECSCR,0.0109631191971879,0.00894760440042491,0.140496115732778,0.0,6.34823536872867,0.0,0.0,0.00285236923337574,0.0
AQP1,0.0108338245315698,0.0270829187660418,0.0123798788046006,0.0565062580441628,7.90584135194682,0.349850185994718,0.587232357319166,0.012224543574168,3.41347542486958
SDPR,0.0105542318498155,0.00991832103198603,0.0256837301257666,4.24524172049609,9.73959983808943,0.485420807858796,0.196840488774719,0.351816500713498,0.838071784132756
GNG11,0.0103604058709807,0.204981901584602,0.0862561548512324,0.0239369468075098,17.3901591012374,0.131393430248467,1.45260099696836,0.046752822358219,0.184104789096427
AC079767.4,0.00985802346064462,2.61459648064267,0.125773127548385,0.00977043388542798,0.0,0.00136322281140712,0.00314621532320126,0.103195042218856,0.0
CCDC80,0.00958748481516911,0.00632530422098621,0.00882845435184352,0.0353314656610774,0.73186108252261,0.0944110650208741,7.9767585421518,0.0120810852701989,0.11300476791973
RUBCNL,0.0095844401114476,2.32306451050207,0.0653664710020448,0.0,0.0,0.00280530273990653,0.0937243069184348,0.262731264991672,0.0
CD1A,0.00945120179253004,0.00677385968410548,0.0656295978124451,0.0555259777092229,0.0,0.00510329056886062,0.00837661622623032,2.72818002898296,0.0196120464322787
PKIB,0.00912588352962954,0.0204607642781319,0.217139568354723,0.201712253924605,0.0315065817249223,0.0884302148907296,0.015224197708294,2.92864724067496,0.0559175972479437
MALL,0.00882612012837611,0.0138995410269055,0.00887508588138246,0.0,1.29667902856871,1.67041652141515,0.0325627294620628,0.0128951223747923,4.43683147164609
DMBT1,0.0083591418192357,0.0175246466740969,0.0076022985134741,0.00798783293287664,0.0,0.633530732721848,0.0399490374071036,0.0108712003638515,3.23372556927937
CCL21,0.00803693198003813,0.0072622590005902,0.00587549798503116,0.0276136801582877,22.4358864119095,0.0012532016168306,0.654087647755557,0.0147086624137884,0.0095125303806439
ISLR,0.00781786419514761,0.0257551516354178,0.00276074963631251,0.026446686387254,0.0,0.00399200908971812,6.02190220977559,0.0149555974553762,0.0
SLC18A2,0.00758290074154249,0.0,0.0039657870764335,7.75176709753816,0.0,0.00288042912739832,0.00571179863396624,0.200795353227595,0.0052457090100298
AL928768.3,0.00757340309507743,3.66061165415542,0.00207941890704999,0.0,0.0,0.00308300198346346,0.0141152835090198,0.0121551061440583,0.0158326802352736
MXRA8,0.0073674557981297,0.00329780498100464,0.00452972871445201,0.0484838168515904,0.0477319758420439,0.309604195750791,5.29963471945065,0.00510661146111656,0.129801756150503
SPINK5,0.007276716919075,0.0143918407336326,0.00786728221902692,0.0711369201145252,0.183297680365637,1.04622130619057,0.0422429869870587,0.0441520810548781,9.11847900623014
GATA2,0.00720275098841184,0.00445839426472162,0.00387306221971437,9.40226296663471,0.573980637173224,0.0865926051359948,0.0898503274888933,0.00439277757082915,0.0800292155476748
VWF,0.00707100049399331,0.0113502427737088,0.00781932774945305,0.0201310936820576,12.52507731901,0.00494814127952957,0.0110543865392234,0.0,0.0115786975123168
COL4A1,0.00700682146622884,0.0124554119546686,0.00382391141691027,0.0,7.89442251134955,0.03752491437214,4.5918501044402,0.0,0.0
CALCRL,0.00655388153675271,0.00348160320864552,0.0200329508982333,0.0114260642236218,6.25373506900938,0.00773821622203735,0.083929050022385,0.143634099498584,0.0
COL4A2,0.00652833614347857,0.0233140391005901,0.0211879182660074,0.0359852158770434,6.14901726489576,0.0428541641866663,3.69493998758615,0.0134068095383146,0.0516039954937869
MET,0.00633831360529403,0.0186577521299521,0.0251831967610171,0.0,0.486271803892592,3.82946133251412,0.0321150469119844,0.0178074471561174,0.924673617998803
ARHGAP24,0.00626014976483158,3.32526967514079,0.257268795143832,0.0,0.0451899365324782,0.156512091853829,0.327511989406414,0.172841949375256,0.267528933249032
EGFL7,0.00617923700627096,0.00945271780169598,0.053050045535845,0.583842301527935,5.02228686320418,0.332138565519274,0.0517221226671721,0.031207401959801,0.282054527413092
PCAT19,0.00592942099982294,0.0142847996075252,0.00247578351591418,0.0,7.57230445029156,0.0267969778364149,0.00920253585077904,0.00644790805042443,0.0487471970361704
COL5A2,0.00569504856777987,0.0066796187929153,0.00797686380893851,0.0217245472165925,0.344436294523881,0.0160503667782007,6.51024644237775,0.0119882389198014,0.00792123127618957
ASPN,0.00541156254261541,0.00922917167240831,0.00336892309763275,0.021089215818599,0.0477146267640936,0.00231182999977761,5.14023833573095,0.00255907889537871,0.00298724595340195
MAOB,0.00510991828044084,0.0125752849357824,0.00388031792409429,4.39000591000674,0.020365395933845,0.0200425420946758,0.102871686637154,0.00150664490669649,0.0184334137769975
VPREB3,0.00449685022282719,3.07214085211734,0.000993706819320549,0.0,0.0,0.0133143472681075,0.0142477711122849,0.00486635398055328,0.00898581588961824
C1ORF186,0.00429624020738825,0.377765124934187,0.00288320750497741,10.3280706856091,0.0,0.00725243385734724,0.00534856604944214,0.264475435824803,0.0236123228906275
ACKR1,0.00346114764833275,0.00234409428884867,0.000987151522134406,0.0116674133811231,20.3225977725309,0.000711888835426037,0.0120090911362637,0.0208215648031963,0.0
TNFRSF17,0.00312618133993863,0.507794441985402,0.00059352374277493,0.0,0.0,0.00580956122243502,0.0,0.0384802336748959,0.0215060937096168
COL10A1,0.00299942131143104,0.00451019303626195,0.00394997745129592,0.0105611787965326,0.0147011693310086,0.00501294397209183,6.8112525218995,0.0101421032008585,0.00244794745725578
CTSG,0.00299780819117987,0.0,0.113500054398624,5.52856688214814,0.0,0.0,0.0,0.012694975708572,0.0488215935918603
PLVAP,0.00262649902439553,0.0,0.00312953278177201,0.0125031257814454,7.11509722319428,0.00333923107580759,0.0,0.0418555210048273,0.0
MFAP4,0.00217599762413646,0.0076996846516235,0.023621711422992,0.0116674133811231,0.163598289764751,0.00702084656002671,7.19832000759068,0.00851397146843055,0.0222437956142513
RAMP2,0.00193475484652277,0.00133572237887756,0.00259690335230833,0.0,17.7863600967589,0.0101999499381917,0.328519061748699,0.0105658308064138,0.00760772213229398
SLC45A3,0.00189163247473884,0.0465834069210806,0.0102253850112686,1.86367852310759,0.0,0.0256816168063644,0.0196344410285223,0.0100186335976634,0.0136131760765861
HDC,0.00174212917001915,0.000324571208975822,0.00354275718848406,3.96560889697578,0.0,0.0,0.0,0.00171800052227216,0.00721672548297935
ADGRL4,0.0014150033837414,0.00184793696317431,0.0022088177970201,0.0,4.56327662110248,0.0,0.0600032692134841,0.00285764580280415,0.0
RAMP3,0.00132001650829129,0.0,0.00145504319955058,0.0,6.09678893125351,0.000957539078606107,0.0282964059139585,0.00351637036603742,0.0157355174231517
CALB2,0.000643844109888737,0.0,0.00159407533079818,2.06140493124355,0.0,0.0217354800324999,0.10786370880658,0.00237793579953811,0.0
CLEC14A,0.00055224027311595,0.0130347323759206,0.00130381663575273,0.0,6.01203815659541,0.0,0.00637487584929283,0.00451564444428167,0.0127342298419647
CNRIP1,0.000491324076623955,0.00484815576154831,0.0780951281937032,2.63085568863283,0.653932885472347,0.00409585987476386,0.529302404069478,0.0154550516539359,0.00543299621591814
TMEM233,0.000443378287162283,0.0,0.000738229469161115,1.99474581110626,0.459273623059753,0.0329375231999922,0.024782199888601,0.00833369160564293,0.0495643006094047
